month,service,ridership
2019-01,Lrt Kj,7900483
2019-01,Lrt Ampang,5363000
2019-01,Mrt Kajang,5206125
2019-01,Monorail,978364
2019-01,Bus Rkl,0
2019-01,Bus Rkn,0
2019-01,Bus Rpn,0
2019-01,Ets,0
2019-01,Intercity,0
2019-01,Komuter,0
2019-01,Komuter Utara,0
2019-01,Lrt Shah Alam,0
2019-01,Mrt Pjy,0
2019-01,Tebrau,0
2019-02,Lrt Kj,6523515
2019-02,Lrt Ampang,4454115
2019-02,Mrt Kajang,4319140
2019-02,Monorail,857334
2019-02,Bus Rkl,0
2019-02,Bus Rkn,0
2019-02,Bus Rpn,0
2019-02,Ets,0
2019-02,Intercity,0
2019-02,Komuter,0
2019-02,Komuter Utara,0
2019-02,Lrt Shah Alam,0
2019-02,Mrt Pjy,0
2019-02,Tebrau,0
2019-03,Lrt Kj,8127743
2019-03,Lrt Ampang,5617697
2019-03,Mrt Kajang,5393067
2019-03,Monorail,1018990
2019-03,Bus Rkl,0
2019-03,Bus Rkn,0
2019-03,Bus Rpn,0
2019-03,Ets,0
2019-03,Intercity,0
2019-03,Komuter,0
2019-03,Komuter Utara,0
2019-03,Lrt Shah Alam,0
2019-03,Mrt Pjy,0
2019-03,Tebrau,0
2019-04,Lrt Kj,8189219
2019-04,Lrt Ampang,5571821
2019-04,Mrt Kajang,5294479
2019-04,Monorail,999786
2019-04,Bus Rkl,0
2019-04,Bus Rkn,0
2019-04,Bus Rpn,0
2019-04,Ets,0
2019-04,Intercity,0
2019-04,Komuter,0
2019-04,Komuter Utara,0
2019-04,Lrt Shah Alam,0
2019-04,Mrt Pjy,0
2019-04,Tebrau,0
2019-05,Lrt Kj,7746135
2019-05,Lrt Ampang,5458497
2019-05,Mrt Kajang,5155333
2019-05,Monorail,935505
2019-05,Bus Rkl,0
2019-05,Bus Rkn,0
2019-05,Bus Rpn,0
2019-05,Ets,0
2019-05,Intercity,0
2019-05,Komuter,0
2019-05,Komuter Utara,0
2019-05,Lrt Shah Alam,0
2019-05,Mrt Pjy,0
2019-05,Tebrau,0
2019-06,Lrt Kj,7000564
2019-06,Lrt Ampang,4906864
2019-06,Mrt Kajang,4793691
2019-06,Monorail,918356
2019-06,Bus Rkl,0
2019-06,Bus Rkn,0
2019-06,Bus Rpn,0
2019-06,Ets,0
2019-06,Intercity,0
2019-06,Komuter,0
2019-06,Komuter Utara,0
2019-06,Lrt Shah Alam,0
2019-06,Mrt Pjy,0
2019-06,Tebrau,0
2019-07,Lrt Kj,8515230
2019-07,Lrt Ampang,5757222
2019-07,Mrt Kajang,5729242
2019-07,Monorail,1034805
2019-07,Bus Rkl,0
2019-07,Bus Rkn,0
2019-07,Bus Rpn,0
2019-07,Ets,0
2019-07,Intercity,0
2019-07,Komuter,0
2019-07,Komuter Utara,0
2019-07,Lrt Shah Alam,0
2019-07,Mrt Pjy,0
2019-07,Tebrau,0
2019-08,Lrt Kj,8237693
2019-08,Lrt Ampang,5577557
2019-08,Mrt Kajang,5556259
2019-08,Monorail,1049288
2019-08,Bus Rkl,0
2019-08,Bus Rkn,0
2019-08,Bus Rpn,0
2019-08,Ets,0
2019-08,Intercity,0
2019-08,Komuter,0
2019-08,Komuter Utara,0
2019-08,Lrt Shah Alam,0
2019-08,Mrt Pjy,0
2019-08,Tebrau,0
2019-09,Lrt Kj,7371250
2019-09,Lrt Ampang,5182224
2019-09,Mrt Kajang,5084785
2019-09,Monorail,993359
2019-09,Bus Rkl,0
2019-09,Bus Rkn,0
2019-09,Bus Rpn,0
2019-09,Ets,0
2019-09,Intercity,0
2019-09,Komuter,0
2019-09,Komuter Utara,0
2019-09,Lrt Shah Alam,0
2019-09,Mrt Pjy,0
2019-09,Tebrau,0
2019-10,Lrt Kj,8571260
2019-10,Mrt Kajang,5870709
2019-10,Lrt Ampang,5816211
2019-10,Monorail,1170952
2019-10,Bus Rkl,0
2019-10,Bus Rkn,0
2019-10,Bus Rpn,0
2019-10,Ets,0
2019-10,Intercity,0
2019-10,Komuter,0
2019-10,Komuter Utara,0
2019-10,Lrt Shah Alam,0
2019-10,Mrt Pjy,0
2019-10,Tebrau,0
2019-11,Lrt Kj,8281889
2019-11,Lrt Ampang,5735068
2019-11,Mrt Kajang,5715953
2019-11,Monorail,1205397
2019-11,Bus Rkl,0
2019-11,Bus Rkn,0
2019-11,Bus Rpn,0
2019-11,Ets,0
2019-11,Intercity,0
2019-11,Komuter,0
2019-11,Komuter Utara,0
2019-11,Lrt Shah Alam,0
2019-11,Mrt Pjy,0
2019-11,Tebrau,0
2019-12,Lrt Kj,8192993
2019-12,Mrt Kajang,5834022
2019-12,Lrt Ampang,5706946
2019-12,Monorail,1373602
2019-12,Bus Rkl,0
2019-12,Bus Rkn,0
2019-12,Bus Rpn,0
2019-12,Ets,0
2019-12,Intercity,0
2019-12,Komuter,0
2019-12,Komuter Utara,0
2019-12,Lrt Shah Alam,0
2019-12,Mrt Pjy,0
2019-12,Tebrau,0
2020-01,Lrt Kj,7895017
2020-01,Mrt Kajang,5576657
2020-01,Lrt Ampang,5389518
2020-01,Monorail,1216758
2020-01,Bus Rkl,0
2020-01,Bus Rkn,0
2020-01,Bus Rpn,0
2020-01,Ets,0
2020-01,Intercity,0
2020-01,Komuter,0
2020-01,Komuter Utara,0
2020-01,Lrt Shah Alam,0
2020-01,Mrt Pjy,0
2020-01,Tebrau,0
2020-02,Lrt Kj,7628423
2020-02,Mrt Kajang,5318955
2020-02,Lrt Ampang,5161307
2020-02,Monorail,1085541
2020-02,Bus Rkl,0
2020-02,Bus Rkn,0
2020-02,Bus Rpn,0
2020-02,Ets,0
2020-02,Intercity,0
2020-02,Komuter,0
2020-02,Komuter Utara,0
2020-02,Lrt Shah Alam,0
2020-02,Mrt Pjy,0
2020-02,Tebrau,0
2020-03,Lrt Kj,4465478
2020-03,Lrt Ampang,3144777
2020-03,Mrt Kajang,3078103
2020-03,Monorail,626524
2020-03,Bus Rkl,0
2020-03,Bus Rkn,0
2020-03,Bus Rpn,0
2020-03,Ets,0
2020-03,Intercity,0
2020-03,Komuter,0
2020-03,Komuter Utara,0
2020-03,Lrt Shah Alam,0
2020-03,Mrt Pjy,0
2020-03,Tebrau,0
2020-04,Lrt Kj,477372
2020-04,Lrt Ampang,394171
2020-04,Mrt Kajang,309718
2020-04,Monorail,72630
2020-04,Bus Rkl,0
2020-04,Bus Rkn,0
2020-04,Bus Rpn,0
2020-04,Ets,0
2020-04,Intercity,0
2020-04,Komuter,0
2020-04,Komuter Utara,0
2020-04,Lrt Shah Alam,0
2020-04,Mrt Pjy,0
2020-04,Tebrau,0
2020-05,Lrt Kj,1332920
2020-05,Lrt Ampang,1205494
2020-05,Mrt Kajang,1022762
2020-05,Monorail,239120
2020-05,Bus Rkl,0
2020-05,Bus Rkn,0
2020-05,Bus Rpn,0
2020-05,Ets,0
2020-05,Intercity,0
2020-05,Komuter,0
2020-05,Komuter Utara,0
2020-05,Lrt Shah Alam,0
2020-05,Mrt Pjy,0
2020-05,Tebrau,0
2020-06,Lrt Kj,2763468
2020-06,Lrt Ampang,2297520
2020-06,Mrt Kajang,2074057
2020-06,Monorail,462853
2020-06,Bus Rkl,0
2020-06,Bus Rkn,0
2020-06,Bus Rpn,0
2020-06,Ets,0
2020-06,Intercity,0
2020-06,Komuter,0
2020-06,Komuter Utara,0
2020-06,Lrt Shah Alam,0
2020-06,Mrt Pjy,0
2020-06,Tebrau,0
2020-07,Lrt Kj,4037258
2020-07,Lrt Ampang,3195946
2020-07,Mrt Kajang,3033868
2020-07,Monorail,652916
2020-07,Bus Rkl,0
2020-07,Bus Rkn,0
2020-07,Bus Rpn,0
2020-07,Ets,0
2020-07,Intercity,0
2020-07,Komuter,0
2020-07,Komuter Utara,0
2020-07,Lrt Shah Alam,0
2020-07,Mrt Pjy,0
2020-07,Tebrau,0
2020-08,Lrt Kj,4047143
2020-08,Lrt Ampang,3227890
2020-08,Mrt Kajang,3097549
2020-08,Monorail,659168
2020-08,Bus Rkl,0
2020-08,Bus Rkn,0
2020-08,Bus Rpn,0
2020-08,Ets,0
2020-08,Intercity,0
2020-08,Komuter,0
2020-08,Komuter Utara,0
2020-08,Lrt Shah Alam,0
2020-08,Mrt Pjy,0
2020-08,Tebrau,0
2020-09,Lrt Kj,4574478
2020-09,Lrt Ampang,3549250
2020-09,Mrt Kajang,3476687
2020-09,Monorail,709460
2020-09,Bus Rkl,0
2020-09,Bus Rkn,0
2020-09,Bus Rpn,0
2020-09,Ets,0
2020-09,Intercity,0
2020-09,Komuter,0
2020-09,Komuter Utara,0
2020-09,Lrt Shah Alam,0
2020-09,Mrt Pjy,0
2020-09,Tebrau,0
2020-10,Lrt Kj,2976066
2020-10,Lrt Ampang,2592837
2020-10,Mrt Kajang,2250818
2020-10,Monorail,501175
2020-10,Komuter Utara,66397
2020-10,Intercity,22575
2020-10,Ets,16411
2020-10,Bus Rkl,0
2020-10,Bus Rkn,0
2020-10,Bus Rpn,0
2020-10,Komuter,0
2020-10,Lrt Shah Alam,0
2020-10,Mrt Pjy,0
2020-10,Tebrau,0
2020-11,Lrt Kj,2362797
2020-11,Lrt Ampang,2126946
2020-11,Mrt Kajang,1794618
2020-11,Monorail,432777
2020-11,Komuter Utara,84204
2020-11,Ets,35212
2020-11,Intercity,25866
2020-11,Bus Rkl,0
2020-11,Bus Rkn,0
2020-11,Bus Rpn,0
2020-11,Komuter,0
2020-11,Lrt Shah Alam,0
2020-11,Mrt Pjy,0
2020-11,Tebrau,0
2020-12,Lrt Kj,2746762
2020-12,Lrt Ampang,2429909
2020-12,Mrt Kajang,2134543
2020-12,Monorail,484612
2020-12,Komuter Utara,144788
2020-12,Ets,109849
2020-12,Intercity,31629
2020-12,Bus Rkl,0
2020-12,Bus Rkn,0
2020-12,Bus Rpn,0
2020-12,Komuter,0
2020-12,Lrt Shah Alam,0
2020-12,Mrt Pjy,0
2020-12,Tebrau,0
2021-01,Lrt Kj,1980365
2021-01,Lrt Ampang,1824666
2021-01,Mrt Kajang,1510475
2021-01,Monorail,352306
2021-01,Komuter Utara,91497
2021-01,Ets,68828
2021-01,Intercity,12780
2021-01,Bus Rkl,0
2021-01,Bus Rkn,0
2021-01,Bus Rpn,0
2021-01,Komuter,0
2021-01,Lrt Shah Alam,0
2021-01,Mrt Pjy,0
2021-01,Tebrau,0
2021-02,Lrt Kj,1824987
2021-02,Lrt Ampang,1698744
2021-02,Mrt Kajang,1423721
2021-02,Monorail,312303
2021-02,Komuter Utara,57794
2021-02,Ets,28999
2021-02,Intercity,7338
2021-02,Bus Rkl,0
2021-02,Bus Rkn,0
2021-02,Bus Rpn,0
2021-02,Komuter,0
2021-02,Lrt Shah Alam,0
2021-02,Mrt Pjy,0
2021-02,Tebrau,0
2021-03,Lrt Kj,3033861
2021-03,Lrt Ampang,2601245
2021-03,Mrt Kajang,2435248
2021-03,Monorail,502882
2021-03,Komuter Utara,105887
2021-03,Ets,56682
2021-03,Intercity,29785
2021-03,Bus Rkl,0
2021-03,Bus Rkn,0
2021-03,Bus Rpn,0
2021-03,Komuter,0
2021-03,Lrt Shah Alam,0
2021-03,Mrt Pjy,0
2021-03,Tebrau,0
2021-04,Lrt Kj,3266042
2021-04,Lrt Ampang,2705960
2021-04,Mrt Kajang,2609911
2021-04,Monorail,523031
2021-04,Komuter Utara,112575
2021-04,Ets,66256
2021-04,Intercity,25091
2021-04,Bus Rkl,0
2021-04,Bus Rkn,0
2021-04,Bus Rpn,0
2021-04,Komuter,0
2021-04,Lrt Shah Alam,0
2021-04,Mrt Pjy,0
2021-04,Tebrau,0
2021-05,Lrt Kj,1904752
2021-05,Lrt Ampang,1799251
2021-05,Mrt Kajang,1524387
2021-05,Monorail,320320
2021-05,Komuter Utara,59589
2021-05,Ets,36410
2021-05,Intercity,13178
2021-05,Bus Rkl,0
2021-05,Bus Rkn,0
2021-05,Bus Rpn,0
2021-05,Komuter,0
2021-05,Lrt Shah Alam,0
2021-05,Mrt Pjy,0
2021-05,Tebrau,0
2021-06,Lrt Kj,833847
2021-06,Lrt Ampang,731375
2021-06,Mrt Kajang,580487
2021-06,Monorail,125639
2021-06,Komuter Utara,27542
2021-06,Ets,3556
2021-06,Intercity,2128
2021-06,Bus Rkl,0
2021-06,Bus Rkn,0
2021-06,Bus Rpn,0
2021-06,Komuter,0
2021-06,Lrt Shah Alam,0
2021-06,Mrt Pjy,0
2021-06,Tebrau,0
2021-07,Lrt Kj,897012
2021-07,Lrt Ampang,824844
2021-07,Mrt Kajang,614041
2021-07,Monorail,137369
2021-07,Komuter Utara,40213
2021-07,Ets,5055
2021-07,Intercity,3322
2021-07,Bus Rkl,0
2021-07,Bus Rkn,0
2021-07,Bus Rpn,0
2021-07,Komuter,0
2021-07,Lrt Shah Alam,0
2021-07,Mrt Pjy,0
2021-07,Tebrau,0
2021-08,Lrt Kj,1093605
2021-08,Lrt Ampang,1061950
2021-08,Mrt Kajang,758049
2021-08,Monorail,179144
2021-08,Komuter Utara,40126
2021-08,Ets,5544
2021-08,Intercity,3934
2021-08,Bus Rkl,0
2021-08,Bus Rkn,0
2021-08,Bus Rpn,0
2021-08,Komuter,0
2021-08,Lrt Shah Alam,0
2021-08,Mrt Pjy,0
2021-08,Tebrau,0
2021-09,Lrt Kj,1634423
2021-09,Lrt Ampang,1557367
2021-09,Mrt Kajang,1294304
2021-09,Monorail,274935
2021-09,Komuter Utara,50535
2021-09,Intercity,12274
2021-09,Ets,8146
2021-09,Bus Rkl,0
2021-09,Bus Rkn,0
2021-09,Bus Rpn,0
2021-09,Komuter,0
2021-09,Lrt Shah Alam,0
2021-09,Mrt Pjy,0
2021-09,Tebrau,0
2021-10,Lrt Kj,2355921
2021-10,Lrt Ampang,2034527
2021-10,Mrt Kajang,1870652
2021-10,Monorail,407268
2021-10,Komuter Utara,96424
2021-10,Ets,58988
2021-10,Intercity,58390
2021-10,Bus Rkl,0
2021-10,Bus Rkn,0
2021-10,Bus Rpn,0
2021-10,Komuter,0
2021-10,Lrt Shah Alam,0
2021-10,Mrt Pjy,0
2021-10,Tebrau,0
2021-11,Lrt Kj,2962250
2021-11,Lrt Ampang,2392406
2021-11,Mrt Kajang,2278009
2021-11,Monorail,501210
2021-11,Komuter Utara,158440
2021-11,Ets,123610
2021-11,Intercity,65644
2021-11,Bus Rkl,0
2021-11,Bus Rkn,0
2021-11,Bus Rpn,0
2021-11,Komuter,0
2021-11,Lrt Shah Alam,0
2021-11,Mrt Pjy,0
2021-11,Tebrau,0
2021-12,Lrt Kj,3336549
2021-12,Lrt Ampang,2706638
2021-12,Mrt Kajang,2673726
2021-12,Monorail,589922
2021-12,Komuter Utara,205972
2021-12,Ets,172260
2021-12,Intercity,70588
2021-12,Bus Rkl,0
2021-12,Bus Rkn,0
2021-12,Bus Rpn,0
2021-12,Komuter,0
2021-12,Lrt Shah Alam,0
2021-12,Mrt Pjy,0
2021-12,Tebrau,0
2022-01,Lrt Kj,3470403
2022-01,Bus Rkl,3380633
2022-01,Lrt Ampang,2828567
2022-01,Mrt Kajang,2737126
2022-01,Bus Rpn,833600
2022-01,Monorail,576678
2022-01,Komuter Utara,182522
2022-01,Ets,166474
2022-01,Bus Rkn,62940
2022-01,Intercity,52615
2022-01,Komuter,0
2022-01,Lrt Shah Alam,0
2022-01,Mrt Pjy,0
2022-01,Tebrau,0
2022-02,Bus Rkl,2789683
2022-02,Lrt Kj,2642564
2022-02,Lrt Ampang,2171266
2022-02,Mrt Kajang,2000682
2022-02,Bus Rpn,708432
2022-02,Monorail,463079
2022-02,Ets,174186
2022-02,Komuter Utara,145435
2022-02,Intercity,57405
2022-02,Bus Rkn,49309
2022-02,Komuter,0
2022-02,Lrt Shah Alam,0
2022-02,Mrt Pjy,0
2022-02,Tebrau,0
2022-03,Lrt Kj,3328621
2022-03,Bus Rkl,3206086
2022-03,Lrt Ampang,2693615
2022-03,Mrt Kajang,2497966
2022-03,Bus Rpn,759594
2022-03,Monorail,563548
2022-03,Ets,193275
2022-03,Komuter Utara,164665
2022-03,Intercity,69685
2022-03,Bus Rkn,53072
2022-03,Komuter,0
2022-03,Lrt Shah Alam,0
2022-03,Mrt Pjy,0
2022-03,Tebrau,0
2022-04,Lrt Kj,3819735
2022-04,Bus Rkl,3442729
2022-04,Lrt Ampang,3228674
2022-04,Mrt Kajang,2853546
2022-04,Bus Rpn,847552
2022-04,Monorail,659124
2022-04,Ets,212394
2022-04,Komuter Utara,186134
2022-04,Bus Rkn,64536
2022-04,Intercity,40753
2022-04,Komuter,0
2022-04,Lrt Shah Alam,0
2022-04,Mrt Pjy,0
2022-04,Tebrau,0
2022-05,Lrt Kj,4335519
2022-05,Bus Rkl,3727727
2022-05,Mrt Kajang,3375471
2022-05,Lrt Ampang,3339042
2022-05,Bus Rpn,964905
2022-05,Monorail,783838
2022-05,Ets,303930
2022-05,Komuter Utara,251938
2022-05,Intercity,89824
2022-05,Bus Rkn,73352
2022-05,Komuter,0
2022-05,Lrt Shah Alam,0
2022-05,Mrt Pjy,0
2022-05,Tebrau,0
2022-06,Lrt Kj,5426364
2022-06,Mrt Kajang,4441552
2022-06,Lrt Ampang,4344595
2022-06,Bus Rkl,4110011
2022-06,Monorail,991170
2022-06,Bus Rpn,973389
2022-06,Mrt Pjy,369564
2022-06,Ets,306601
2022-06,Komuter Utara,266991
2022-06,Intercity,116726
2022-06,Bus Rkn,75150
2022-06,Tebrau,64778
2022-06,Komuter,0
2022-06,Lrt Shah Alam,0
2022-07,Lrt Kj,5360964
2022-07,Mrt Kajang,4666497
2022-07,Bus Rkl,4299959
2022-07,Lrt Ampang,4266733
2022-07,Monorail,1059131
2022-07,Bus Rpn,1024520
2022-07,Mrt Pjy,688844
2022-07,Ets,314801
2022-07,Komuter Utara,274593
2022-07,Tebrau,186746
2022-07,Intercity,121606
2022-07,Bus Rkn,75807
2022-07,Komuter,0
2022-07,Lrt Shah Alam,0
2022-08,Lrt Kj,5491587
2022-08,Bus Rkl,4632950
2022-08,Mrt Kajang,4513422
2022-08,Lrt Ampang,4293066
2022-08,Bus Rpn,1054655
2022-08,Monorail,1027788
2022-08,Mrt Pjy,579156
2022-08,Ets,296386
2022-08,Komuter Utara,266267
2022-08,Tebrau,218416
2022-08,Intercity,107909
2022-08,Bus Rkn,78115
2022-08,Komuter,0
2022-08,Lrt Shah Alam,0
2022-09,Lrt Kj,5456094
2022-09,Mrt Kajang,4508174
2022-09,Lrt Ampang,4286962
2022-09,Bus Rkl,4223611
2022-09,Monorail,1038355
2022-09,Bus Rpn,1031191
2022-09,Mrt Pjy,605209
2022-09,Ets,322210
2022-09,Komuter Utara,314011
2022-09,Tebrau,240418
2022-09,Intercity,142348
2022-09,Bus Rkn,73403
2022-09,Komuter,0
2022-09,Lrt Shah Alam,0
2022-10,Lrt Kj,5470987
2022-10,Mrt Kajang,4542720
2022-10,Bus Rkl,4322220
2022-10,Lrt Ampang,4259135
2022-10,Monorail,1104800
2022-10,Bus Rpn,1087560
2022-10,Mrt Pjy,629934
2022-10,Ets,342914
2022-10,Komuter Utara,334629
2022-10,Tebrau,250339
2022-10,Intercity,137410
2022-10,Bus Rkn,73735
2022-10,Komuter,0
2022-10,Lrt Shah Alam,0
2022-11,Lrt Kj,4391529
2022-11,Bus Rkl,4346789
2022-11,Mrt Kajang,4336909
2022-11,Lrt Ampang,3963991
2022-11,Monorail,1079915
2022-11,Bus Rpn,1054801
2022-11,Mrt Pjy,610845
2022-11,Ets,324250
2022-11,Komuter Utara,309087
2022-11,Tebrau,243680
2022-11,Intercity,106616
2022-11,Bus Rkn,69408
2022-11,Komuter,0
2022-11,Lrt Shah Alam,0
2022-12,Lrt Kj,5821398
2022-12,Mrt Kajang,4874144
2022-12,Lrt Ampang,4475686
2022-12,Bus Rkl,4266379
2022-12,Monorail,1320643
2022-12,Bus Rpn,1123997
2022-12,Mrt Pjy,664025
2022-12,Ets,381110
2022-12,Komuter Utara,361211
2022-12,Tebrau,285765
2022-12,Intercity,144801
2022-12,Bus Rkn,57844
2022-12,Komuter,0
2022-12,Lrt Shah Alam,0
2023-01,Lrt Kj,5465184
2023-01,Mrt Kajang,4557793
2023-01,Bus Rkl,4323631
2023-01,Lrt Ampang,4319239
2023-01,Monorail,1207697
2023-01,Bus Rpn,1201332
2023-01,Mrt Pjy,640429
2023-01,Ets,335155
2023-01,Komuter Utara,316838
2023-01,Tebrau,249745
2023-01,Intercity,114038
2023-01,Bus Rkn,66714
2023-01,Komuter,0
2023-01,Lrt Shah Alam,0
2023-02,Lrt Kj,5350230
2023-02,Bus Rkl,4430186
2023-02,Mrt Kajang,4392381
2023-02,Lrt Ampang,3616881
2023-02,Monorail,1311483
2023-02,Bus Rpn,1065326
2023-02,Mrt Pjy,541466
2023-02,Ets,314452
2023-02,Komuter Utara,297460
2023-02,Tebrau,219424
2023-02,Intercity,116062
2023-02,Bus Rkn,55881
2023-02,Komuter,0
2023-02,Lrt Shah Alam,0
2023-03,Lrt Kj,6489551
2023-03,Bus Rkl,5749579
2023-03,Mrt Kajang,5525715
2023-03,Lrt Ampang,4308679
2023-03,Mrt Pjy,2036718
2023-03,Monorail,1580507
2023-03,Bus Rpn,1164410
2023-03,Ets,348738
2023-03,Komuter Utara,343741
2023-03,Tebrau,268579
2023-03,Intercity,129938
2023-03,Bus Rkn,66538
2023-03,Komuter,0
2023-03,Lrt Shah Alam,0
2023-04,Lrt Kj,5399898
2023-04,Bus Rkl,5025792
2023-04,Mrt Kajang,4908411
2023-04,Lrt Ampang,3338686
2023-04,Mrt Pjy,2137546
2023-04,Monorail,1377627
2023-04,Bus Rpn,1130301
2023-04,Ets,346644
2023-04,Komuter Utara,321869
2023-04,Tebrau,260097
2023-04,Intercity,102008
2023-04,Bus Rkn,58294
2023-04,Komuter,0
2023-04,Lrt Shah Alam,0
2023-05,Lrt Kj,6067411
2023-05,Bus Rkl,5448988
2023-05,Mrt Kajang,5444245
2023-05,Lrt Ampang,4094851
2023-05,Mrt Pjy,2543049
2023-05,Monorail,1439986
2023-05,Bus Rpn,1156742
2023-05,Ets,340300
2023-05,Komuter Utara,340075
2023-05,Tebrau,264269
2023-05,Intercity,117771
2023-05,Bus Rkn,58822
2023-05,Komuter,0
2023-05,Lrt Shah Alam,0
2023-06,Lrt Kj,5940788
2023-06,Mrt Kajang,5405343
2023-06,Bus Rkl,5161823
2023-06,Lrt Ampang,4143689
2023-06,Mrt Pjy,2542969
2023-06,Monorail,1453674
2023-06,Bus Rpn,1150906
2023-06,Ets,345721
2023-06,Komuter Utara,345313
2023-06,Tebrau,273162
2023-06,Intercity,121531
2023-06,Bus Rkn,69127
2023-06,Komuter,0
2023-06,Lrt Shah Alam,0
2023-07,Lrt Kj,6229737
2023-07,Mrt Kajang,5626647
2023-07,Bus Rkl,5399574
2023-07,Lrt Ampang,4237733
2023-07,Mrt Pjy,2781645
2023-07,Monorail,1507056
2023-07,Bus Rpn,1193731
2023-07,Ets,349585
2023-07,Komuter Utara,342690
2023-07,Tebrau,268501
2023-07,Intercity,119388
2023-07,Bus Rkn,75666
2023-07,Komuter,0
2023-07,Lrt Shah Alam,0
2023-08,Lrt Kj,6583736
2023-08,Mrt Kajang,5906244
2023-08,Bus Rkl,5669349
2023-08,Lrt Ampang,4482065
2023-08,Mrt Pjy,3099685
2023-08,Monorail,1601305
2023-08,Bus Rpn,1231974
2023-08,Komuter Utara,362258
2023-08,Ets,349916
2023-08,Tebrau,269875
2023-08,Intercity,130094
2023-08,Bus Rkn,71476
2023-08,Komuter,0
2023-08,Lrt Shah Alam,0
2023-09,Lrt Kj,6302197
2023-09,Mrt Kajang,5714336
2023-09,Bus Rkl,5511967
2023-09,Lrt Ampang,4282036
2023-09,Mrt Pjy,2987450
2023-09,Monorail,1519717
2023-09,Bus Rpn,1177351
2023-09,Komuter Utara,367046
2023-09,Ets,330003
2023-09,Tebrau,263373
2023-09,Intercity,130036
2023-09,Komuter,107884
2023-09,Bus Rkn,72147
2023-09,Lrt Shah Alam,0
2023-10,Lrt Kj,6824938
2023-10,Mrt Kajang,6137159
2023-10,Bus Rkl,6061147
2023-10,Lrt Ampang,4633424
2023-10,Mrt Pjy,3299662
2023-10,Monorail,1622435
2023-10,Bus Rpn,1263434
2023-10,Komuter,1018674
2023-10,Komuter Utara,415717
2023-10,Ets,332235
2023-10,Tebrau,257896
2023-10,Intercity,121307
2023-10,Bus Rkn,74151
2023-10,Lrt Shah Alam,0
2023-11,Lrt Kj,6630252
2023-11,Mrt Kajang,6133584
2023-11,Bus Rkl,5995334
2023-11,Lrt Ampang,4572190
2023-11,Mrt Pjy,3320682
2023-11,Monorail,1683327
2023-11,Bus Rpn,1255180
2023-11,Komuter,1071709
2023-11,Komuter Utara,430372
2023-11,Ets,344658
2023-11,Tebrau,259504
2023-11,Intercity,126438
2023-11,Bus Rkn,84331
2023-11,Lrt Shah Alam,0
2023-12,Mrt Kajang,6749650
2023-12,Lrt Kj,6479670
2023-12,Bus Rkl,5804593
2023-12,Lrt Ampang,4561106
2023-12,Mrt Pjy,3624550
2023-12,Monorail,1802759
2023-12,Bus Rpn,1305892
2023-12,Komuter,1035047
2023-12,Komuter Utara,475584
2023-12,Ets,377571
2023-12,Tebrau,290351
2023-12,Intercity,144339
2023-12,Bus Rkn,72043
2023-12,Lrt Shah Alam,0
2024-01,Lrt Kj,6591331
2024-01,Mrt Kajang,6506378
2024-01,Bus Rkl,6084147
2024-01,Lrt Ampang,4505943
2024-01,Mrt Pjy,3651371
2024-01,Monorail,1680097
2024-01,Bus Rpn,1305557
2024-01,Komuter,1124984
2024-01,Komuter Utara,402829
2024-01,Ets,329142
2024-01,Tebrau,269985
2024-01,Intercity,99485
2024-01,Bus Rkn,81008
2024-01,Lrt Shah Alam,0
2024-02,Lrt Kj,6236607
2024-02,Mrt Kajang,6167840
2024-02,Bus Rkl,5558775
2024-02,Lrt Ampang,4430513
2024-02,Mrt Pjy,3364322
2024-02,Monorail,1602411
2024-02,Bus Rpn,1292809
2024-02,Komuter,1007187
2024-02,Komuter Utara,446509
2024-02,Ets,367019
2024-02,Tebrau,248788
2024-02,Intercity,152152
2024-02,Bus Rkn,76089
2024-02,Lrt Shah Alam,0
2024-03,Lrt Kj,6937237
2024-03,Mrt Kajang,6650215
2024-03,Bus Rkl,6104762
2024-03,Lrt Ampang,5196908
2024-03,Mrt Pjy,3746093
2024-03,Monorail,1607756
2024-03,Bus Rpn,1302072
2024-03,Komuter,986652
2024-03,Komuter Utara,422021
2024-03,Ets,336265
2024-03,Tebrau,274319
2024-03,Intercity,107004
2024-03,Bus Rkn,82407
2024-03,Lrt Shah Alam,0
2024-04,Lrt Kj,6445256
2024-04,Mrt Kajang,6262373
2024-04,Bus Rkl,5709475
2024-04,Lrt Ampang,4894934
2024-04,Mrt Pjy,3575514
2024-04,Monorail,1557086
2024-04,Bus Rpn,1283820
2024-04,Komuter,985852
2024-04,Komuter Utara,436305
2024-04,Ets,348036
2024-04,Tebrau,257278
2024-04,Intercity,111059
2024-04,Bus Rkn,85920
2024-04,Lrt Shah Alam,0
2024-05,Lrt Kj,7206997
2024-05,Mrt Kajang,7112851
2024-05,Bus Rkl,6282229
2024-05,Lrt Ampang,5607473
2024-05,Mrt Pjy,4045346
2024-05,Monorail,1605161
2024-05,Bus Rpn,1350321
2024-05,Komuter,1060555
2024-05,Komuter Utara,483189
2024-05,Ets,351439
2024-05,Tebrau,265032
2024-05,Intercity,130500
2024-05,Bus Rkn,88794
2024-05,Lrt Shah Alam,0
2024-06,Mrt Kajang,6723816
2024-06,Lrt Kj,6555829
2024-06,Bus Rkl,5785825
2024-06,Lrt Ampang,5196642
2024-06,Mrt Pjy,3729030
2024-06,Monorail,1610528
2024-06,Bus Rpn,1353180
2024-06,Komuter,992365
2024-06,Komuter Utara,466485
2024-06,Ets,354583
2024-06,Tebrau,265919
2024-06,Intercity,132199
2024-06,Bus Rkn,84328
2024-06,Lrt Shah Alam,0
2024-07,Lrt Kj,7559800
2024-07,Mrt Kajang,7471333
2024-07,Bus Rkl,6563009
2024-07,Lrt Ampang,5626609
2024-07,Mrt Pjy,4277136
2024-07,Monorail,1681693
2024-07,Bus Rpn,1431116
2024-07,Komuter,1034338
2024-07,Komuter Utara,451598
2024-07,Ets,349288
2024-07,Tebrau,261564
2024-07,Intercity,121347
2024-07,Bus Rkn,85063
2024-07,Lrt Shah Alam,0
2024-08,Lrt Kj,7596795
2024-08,Mrt Kajang,7515992
2024-08,Bus Rkl,6662416
2024-08,Lrt Ampang,5781159
2024-08,Mrt Pjy,4390005
2024-08,Monorail,1752025
2024-08,Bus Rpn,1418782
2024-08,Komuter,1012568
2024-08,Komuter Utara,457774
2024-08,Ets,338725
2024-08,Tebrau,257851
2024-08,Intercity,128585
2024-08,Bus Rkn,91994
2024-08,Lrt Shah Alam,0
2024-09,Mrt Kajang,7035573
2024-09,Lrt Kj,6900403
2024-09,Bus Rkl,6391714
2024-09,Lrt Ampang,5365130
2024-09,Mrt Pjy,4046549
2024-09,Monorail,1579005
2024-09,Bus Rpn,1311581
2024-09,Komuter,956516
2024-09,Komuter Utara,465274
2024-09,Ets,339388
2024-09,Tebrau,249984
2024-09,Intercity,145849
2024-09,Bus Rkn,82395
2024-09,Lrt Shah Alam,0
2024-10,Lrt Kj,7724881
2024-10,Mrt Kajang,7720239
2024-10,Bus Rkl,6825476
2024-10,Lrt Ampang,5918334
2024-10,Mrt Pjy,4468723
2024-10,Monorail,1735628
2024-10,Bus Rpn,1396412
2024-10,Komuter,1037755
2024-10,Komuter Utara,496935
2024-10,Ets,331835
2024-10,Tebrau,248413
2024-10,Intercity,128913
2024-10,Bus Rkn,77464
2024-10,Lrt Shah Alam,0
2024-11,Mrt Kajang,7499351
2024-11,Lrt Kj,7437276
2024-11,Bus Rkl,6680696
2024-11,Lrt Ampang,5718327
2024-11,Mrt Pjy,4360372
2024-11,Monorail,1719825
2024-11,Bus Rpn,1355805
2024-11,Komuter,988542
2024-11,Komuter Utara,489318
2024-11,Ets,335093
2024-11,Tebrau,242252
2024-11,Intercity,117741
2024-11,Bus Rkn,64348
2024-11,Lrt Shah Alam,0
2024-12,Mrt Kajang,7855033
2024-12,Lrt Kj,7540885
2024-12,Bus Rkl,6420026
2024-12,Lrt Ampang,5780943
2024-12,Mrt Pjy,4471649
2024-12,Monorail,1901177
2024-12,Bus Rpn,1468776
2024-12,Komuter,995365
2024-12,Komuter Utara,510873
2024-12,Ets,364307
2024-12,Tebrau,272814
2024-12,Intercity,118940
2024-12,Bus Rkn,75867
2024-12,Lrt Shah Alam,0
2025-01,Mrt Kajang,7474956
2025-01,Lrt Kj,7199444
2025-01,Bus Rkl,6300772
2025-01,Lrt Ampang,5583947
2025-01,Mrt Pjy,4324708
2025-01,Monorail,1812766
2025-01,Bus Rpn,1500325
2025-01,Komuter,938254
2025-01,Komuter Utara,500608
2025-01,Ets,352896
2025-01,Tebrau,254481
2025-01,Intercity,133433
2025-01,Bus Rkn,70019
2025-01,Lrt Shah Alam,0
2025-02,Mrt Kajang,7039197
2025-02,Lrt Kj,6969645
2025-02,Bus Rkl,6116351
2025-02,Lrt Ampang,5412652
2025-02,Mrt Pjy,4147600
2025-02,Monorail,1630089
2025-02,Bus Rpn,1302770
2025-02,Komuter,946379
2025-02,Komuter Utara,477093
2025-02,Ets,324802
2025-02,Tebrau,220409
2025-02,Intercity,122070
2025-02,Bus Rkn,69469
2025-02,Lrt Shah Alam,0
2025-03,Lrt Kj,7174483
2025-03,Mrt Kajang,7142305
2025-03,Bus Rkl,6473286
2025-03,Lrt Ampang,5755933
2025-03,Mrt Pjy,4305723
2025-03,Monorail,1632663
2025-03,Bus Rpn,1372950
2025-03,Komuter,747372
2025-03,Komuter Utara,428116
2025-03,Ets,314978
2025-03,Tebrau,245619
2025-03,Intercity,89333
2025-03,Bus Rkn,76427
2025-03,Lrt Shah Alam,0
2025-04,Mrt Kajang,7389774
2025-04,Lrt Kj,7285351
2025-04,Bus Rkl,6705266
2025-04,Lrt Ampang,5661642
2025-04,Mrt Pjy,4485310
2025-04,Monorail,1659426
2025-04,Bus Rpn,1383024
2025-04,Komuter,817300
2025-04,Komuter Utara,507736
2025-04,Ets,338999
2025-04,Tebrau,234132
2025-04,Intercity,112140
2025-04,Bus Rkn,76647
2025-04,Lrt Shah Alam,0
2025-05,Mrt Kajang,7823203
2025-05,Lrt Kj,7531075
2025-05,Bus Rkl,6847315
2025-05,Lrt Ampang,6216005
2025-05,Mrt Pjy,4716456
2025-05,Monorail,1773505
2025-05,Bus Rpn,1444377
2025-05,Komuter,849973
2025-05,Komuter Utara,522560
2025-05,Ets,339822
2025-05,Tebrau,249334
2025-05,Intercity,123250
2025-05,Bus Rkn,74003
2025-05,Lrt Shah Alam,0
2025-06,Mrt Kajang,7527345
2025-06,Lrt Kj,7055985
2025-06,Bus Rkl,6509133
2025-06,Lrt Ampang,5710467
2025-06,Mrt Pjy,4479168
2025-06,Monorail,1689666
2025-06,Bus Rpn,1422570
2025-06,Komuter,788031
2025-06,Komuter Utara,500609
2025-06,Ets,351007
2025-06,Tebrau,260245
2025-06,Intercity,135602
2025-06,Bus Rkn,69230
2025-06,Lrt Shah Alam,0
2025-07,Mrt Kajang,8322586
2025-07,Lrt Kj,8236230
2025-07,Bus Rkl,6793122
2025-07,Lrt Ampang,6350274
2025-07,Mrt Pjy,5110482
2025-07,Monorail,1858680
2025-07,Bus Rpn,1553555
2025-07,Komuter,869611
2025-07,Komuter Utara,492985
2025-07,Ets,343546
2025-07,Tebrau,256739
2025-07,Intercity,116298
2025-07,Bus Rkn,73397
2025-07,Lrt Shah Alam,0
2025-08,Mrt Kajang,8301044
2025-08,Lrt Kj,8095935
2025-08,Bus Rkl,6709801
2025-08,Lrt Ampang,6343844
2025-08,Mrt Pjy,5052583
2025-08,Monorail,1892143
2025-08,Bus Rpn,1554570
2025-08,Komuter,834444
2025-08,Komuter Utara,518134
2025-08,Ets,347571
2025-08,Tebrau,260846
2025-08,Intercity,125877
2025-08,Bus Rkn,72755
2025-08,Lrt Shah Alam,0
2025-09,Mrt Kajang,7530148
2025-09,Lrt Kj,7143358
2025-09,Bus Rkl,5954738
2025-09,Lrt Ampang,5664639
2025-09,Mrt Pjy,4543928
2025-09,Monorail,1657494
2025-09,Bus Rpn,1410465
2025-09,Komuter,767865
2025-09,Komuter Utara,520094
2025-09,Ets,355639
2025-09,Tebrau,256284
2025-09,Intercity,146832
2025-09,Bus Rkn,65261
2025-09,Lrt Shah Alam,0
2025-10,Mrt Kajang,8015428
2025-10,Lrt Kj,7739381
2025-10,Bus Rkl,6640671
2025-10,Lrt Ampang,6205243
2025-10,Mrt Pjy,4753510
2025-10,Monorail,1846749
2025-10,Bus Rpn,1505452
2025-10,Komuter,857238
2025-10,Komuter Utara,545795
2025-10,Ets,359132
2025-10,Tebrau,260238
2025-10,Intercity,135050
2025-10,Bus Rkn,67012
2025-10,Lrt Shah Alam,0
2025-11,Mrt Kajang,7803280
2025-11,Lrt Kj,7417502
2025-11,Bus Rkl,6455930
2025-11,Lrt Ampang,5909107
2025-11,Mrt Pjy,4759332
2025-11,Monorail,1731604
2025-11,Bus Rpn,1429791
2025-11,Komuter,800397
2025-11,Komuter Utara,501232
2025-11,Ets,342808
2025-11,Tebrau,249801
2025-11,Intercity,115331
2025-11,Bus Rkn,53582
2025-11,Lrt Shah Alam,0
2025-12,Mrt Kajang,8368266
2025-12,Lrt Kj,7784113
2025-12,Bus Rkl,6485099
2025-12,Lrt Ampang,6205647
2025-12,Mrt Pjy,4991264
2025-12,Monorail,1916425
2025-12,Bus Rpn,1522643
2025-12,Komuter,828343
2025-12,Komuter Utara,524058
2025-12,Ets,403496
2025-12,Tebrau,283314
2025-12,Intercity,129098
2025-12,Bus Rkn,24237
2025-12,Lrt Shah Alam,0
2026-01,Mrt Kajang,8165137
2026-01,Lrt Kj,7693134
2026-01,Bus Rkl,6670284
2026-01,Lrt Ampang,6356549
2026-01,Mrt Pjy,5030622
2026-01,Monorail,1814236
2026-01,Bus Rpn,1559371
2026-01,Komuter,906895
2026-01,Komuter Utara,526947
2026-01,Ets,448030
2026-01,Tebrau,258988
2026-01,Intercity,86673
2026-01,Bus Rkn,0
2026-01,Lrt Shah Alam,0
2026-02,Mrt Kajang,6840419
2026-02,Lrt Kj,6455188
2026-02,Bus Rkl,5620011
2026-02,Lrt Ampang,5384630
2026-02,Mrt Pjy,4132878
2026-02,Monorail,1582355
2026-02,Bus Rpn,1401930
2026-02,Komuter,820600
2026-02,Ets,492479
2026-02,Komuter Utara,464928
2026-02,Tebrau,236708
2026-02,Intercity,79394
2026-02,Bus Rkn,0
2026-02,Lrt Shah Alam,0
2026-03,Mrt Kajang,7672604
2026-03,Lrt Kj,7282363
2026-03,Bus Rkl,6190348
2026-03,Lrt Ampang,6072461
2026-03,Mrt Pjy,4724175
2026-03,Monorail,1710637
2026-03,Bus Rpn,1439005
2026-03,Komuter,767450
2026-03,Ets,540151
2026-03,Komuter Utara,482573
2026-03,Tebrau,269584
2026-03,Intercity,82130
2026-03,Bus Rkn,0
2026-03,Lrt Shah Alam,0
2026-04,Mrt Kajang,8120567
2026-04,Lrt Kj,7794066
2026-04,Bus Rkl,6810162
2026-04,Lrt Ampang,6326276
2026-04,Mrt Pjy,5146938
2026-04,Monorail,1718981
2026-04,Bus Rpn,1413433
2026-04,Komuter,780510
2026-04,Komuter Utara,526576
2026-04,Ets,496083
2026-04,Tebrau,251813
2026-04,Intercity,76871
2026-04,Bus Rkn,0
2026-04,Lrt Shah Alam,0
2026-05,Mrt Kajang,7971849
2026-05,Lrt Kj,7243507
2026-05,Bus Rkl,6404592
2026-05,Lrt Ampang,6086516
2026-05,Mrt Pjy,4864956
2026-05,Monorail,1755233
2026-05,Bus Rpn,1449282
2026-05,Komuter,678027
2026-05,Ets,586676
2026-05,Komuter Utara,561315
2026-05,Tebrau,265784
2026-05,Intercity,103873
2026-05,Bus Rkn,0
2026-05,Lrt Shah Alam,0
2026-06,Mrt Kajang,7695249
2026-06,Lrt Kj,7092898
2026-06,Bus Rkl,6133909
2026-06,Lrt Ampang,5862313
2026-06,Mrt Pjy,4747437
2026-06,Monorail,1601861
2026-06,Bus Rpn,1400575
2026-06,Komuter,638529
2026-06,Ets,558461
2026-06,Komuter Utara,515768
2026-06,Tebrau,270625
2026-06,Lrt Shah Alam,113575
2026-06,Intercity,98631
2026-06,Bus Rkn,0
